{"cameraMode":{"drawMode":0,"name":"Shaded","section":"Shading Mode"},"sceneLighting":true,"audioPlay":false,"sceneViewState":{"m_AlwaysRefresh":false,"showFog":true,"showSkybox":true,"showFlares":true,"showImageEffects":true,"showParticleSystems":true,"showVisualEffectGraphs":true,"m_FxEnabled":true},"in2DMode":false,"pivot":{"x":-10.804557800292969,"y":5.575098514556885,"z":-20.469873428344728},"rotation":{"x":0.022142469882965089,"y":0.9336256980895996,"z":0.058605607599020007,"w":-0.35269585251808169},"size":18.86850929260254,"orthographic":false}