{"cameraMode":{"drawMode":0,"name":"Shaded","section":"Shading Mode"},"sceneLighting":true,"audioPlay":false,"sceneViewState":{"m_AlwaysRefresh":false,"showFog":true,"showSkybox":true,"showFlares":true,"showImageEffects":true,"showParticleSystems":true,"showVisualEffectGraphs":true,"m_FxEnabled":true},"in2DMode":false,"pivot":{"x":-21.248598098754884,"y":-16.31177520751953,"z":-27.475793838500978},"rotation":{"x":-0.07400833070278168,"y":0.9231081604957581,"z":-0.22620269656181336,"w":-0.30201858282089236},"size":28.327489852905275,"orthographic":false}